{"test_metric": 0.7058723154884484, "_timestamp": 1676142054.2527838, "_runtime": 3.4215006828308105, "_step": 99, "_wandb": {"runtime": 2}}